John,John@unomaha.edu,20
William,William@unomaha.edu,20
James,James@unomaha.edu,20
Charles,Charles@unomaha.edu,20
George,George@unomaha.edu,20
Frank,Frank@unomaha.edu,20
Joseph,Joseph@unomaha.edu,20
Thomas,Thomas@unomaha.edu,20
Henry,Henry@unomaha.edu,20
Robert,Robert@unomaha.edu,20
Edward,Edward@unomaha.edu,20
Harry,Harry@unomaha.edu,20
Walter,Walter@unomaha.edu,20
Arthur,Arthur@unomaha.edu,20
Fred,Fred@unomaha.edu,20
Albert,Albert@unomaha.edu,20
Samuel,Samuel@unomaha.edu,20
David,David@unomaha.edu,20
Louis,Louis@unomaha.edu,20
Joe,Joe@unomaha.edu,20
Charlie,Charlie@unomaha.edu,20
Clarence,Clarence@unomaha.edu,20
Richard,Richard@unomaha.edu,20
Andrew,Andrew@unomaha.edu,20
Daniel,Daniel@unomaha.edu,20
Ernest,Ernest@unomaha.edu,20
Will,Will@unomaha.edu,20
Jesse,Jesse@unomaha.edu,20
Oscar,Oscar@unomaha.edu,20
Lewis,Lewis@unomaha.edu,20
Peter,Peter@unomaha.edu,20
Benjamin,Benjamin@unomaha.edu,20
Frederick,Frederick@unomaha.edu,20
Willie,Willie@unomaha.edu,20
Alfred,Alfred@unomaha.edu,20
Sam,Sam@unomaha.edu,20
Roy,Roy@unomaha.edu,20
Herbert,Herbert@unomaha.edu,20
Jacob,Jacob@unomaha.edu,20
Tom,Tom@unomaha.edu,20
Elmer,Elmer@unomaha.edu,20
Carl,Carl@unomaha.edu,20
Lee,Lee@unomaha.edu,20
Howard,Howard@unomaha.edu,20
Martin,Martin@unomaha.edu,20
Michael,Michael@unomaha.edu,20
Bert,Bert@unomaha.edu,20
Herman,Herman@unomaha.edu,20
Jim,Jim@unomaha.edu,20
Francis,Francis@unomaha.edu,20
Harvey,Harvey@unomaha.edu,20
Earl,Earl@unomaha.edu,20
Eugene,Eugene@unomaha.edu,20
Ralph,Ralph@unomaha.edu,20
Ed,Ed@unomaha.edu,20
Claude,Claude@unomaha.edu,20
Edwin,Edwin@unomaha.edu,20
Ben,Ben@unomaha.edu,20
Charley,Charley@unomaha.edu,20
Paul,Paul@unomaha.edu,20
Edgar,Edgar@unomaha.edu,20
Isaac,Isaac@unomaha.edu,20
Otto,Otto@unomaha.edu,20
Luther,Luther@unomaha.edu,20
Lawrence,Lawrence@unomaha.edu,20
Ira,Ira@unomaha.edu,20
Patrick,Patrick@unomaha.edu,20
Guy,Guy@unomaha.edu,20
Oliver,Oliver@unomaha.edu,20
Theodore,Theodore@unomaha.edu,20
Hugh,Hugh@unomaha.edu,20
Clyde,Clyde@unomaha.edu,20
Alexander,Alexander@unomaha.edu,20
August,August@unomaha.edu,20
Floyd,Floyd@unomaha.edu,20
Homer,Homer@unomaha.edu,20
Jack,Jack@unomaha.edu,20
Leonard,Leonard@unomaha.edu,20
Horace,Horace@unomaha.edu,20
Marion,Marion@unomaha.edu,20
Philip,Philip@unomaha.edu,20
Allen,Allen@unomaha.edu,20
Archie,Archie@unomaha.edu,20
Stephen,Stephen@unomaha.edu,20
Chester,Chester@unomaha.edu,20
Willis,Willis@unomaha.edu,20
Raymond,Raymond@unomaha.edu,20
Rufus,Rufus@unomaha.edu,20
Warren,Warren@unomaha.edu,20
Jessie,Jessie@unomaha.edu,20
Milton,Milton@unomaha.edu,20
Alex,Alex@unomaha.edu,20
Leo,Leo@unomaha.edu,20
Julius,Julius@unomaha.edu,20
Ray,Ray@unomaha.edu,20
Sidney,Sidney@unomaha.edu,20
Bernard,Bernard@unomaha.edu,20
Dan,Dan@unomaha.edu,20
Jerry,Jerry@unomaha.edu,20
Calvin,Calvin@unomaha.edu,20
